yz.tn,2017/7/30
gn.tn,2017/7/19
gp.tn,2017/7/19
gq.tn,2017/7/19
gs.tn,2017/7/19
yg.tn,2017/7/19
bm.tn,2017/7/18
tl.tn,2017/7/18
by.tn,2017/7/17
hi.tn,2017/7/17
cn.tn,2017/7/9
ke.tn,2017/7/7
gm.tn,2017/7/3
92.tn,2017/7/1
jy.tn,2017/6/28
mk.tn,2017/6/7
da.tn,2017/5/26
kp.tn,2017/4/28
kq.tn,2017/4/28
rj.tn,2017/4/12
vd.tn,2017/4/9
ux.tn,2017/4/8
ez.tn,2017/4/7
ff.tn,2017/4/7
ga.tn,2017/4/7
gj.tn,2017/4/7
gk.tn,2017/4/7
gl.tn,2017/4/7
gt.tn,2017/4/7
gy.tn,2017/4/7
gz.tn,2017/4/7
ib.tn,2017/4/7
ih.tn,2017/4/7
ij.tn,2017/4/7
iy.tn,2017/4/7
iz.tn,2017/4/7
jd.tn,2017/4/7
nn.tn,2017/4/7
ra.tn,2017/4/7
sv.tn,2017/4/7
wb.tn,2017/4/7
wc.tn,2017/4/7
wf.tn,2017/4/7
wg.tn,2017/4/7
wj.tn,2017/4/7
wt.tn,2017/4/7
wx.tn,2017/4/7
wy.tn,2017/4/7
wz.tn,2017/4/7
13.tn,2017/4/7
17.tn,2017/4/7
31.tn,2017/4/7
39.tn,2017/4/7
51.tn,2017/4/7
53.tn,2017/4/7
57.tn,2017/4/7
93.tn,2017/4/7
gx.tn,2017/4/6
eu.tn,2017/4/3
hh.tn,2017/4/3
ia.tn,2017/4/3
of.tn,2017/4/3
oz.tn,2017/4/3
ps.tn,2017/4/3
wl.tn,2017/3/30
zl.tn,2017/3/9
ej.tn,2017/3/7
ag.tn,2017/3/6
ay.tn,2017/3/6
ba.tn,2017/3/6
bq.tn,2017/3/6
bw.tn,2017/3/6
dh.tn,2017/3/6
eb.tn,2017/3/6
el.tn,2017/3/6
fd.tn,2017/3/6
fg.tn,2017/3/6
fp.tn,2017/3/6
fv.tn,2017/3/6
hg.tn,2017/3/6
hj.tn,2017/3/6
jg.tn,2017/3/6
jl.tn,2017/3/6
jt.tn,2017/3/6
kh.tn,2017/3/6
kw.tn,2017/3/6
kz.tn,2017/3/6
lk.tn,2017/3/6
lq.tn,2017/3/6
lr.tn,2017/3/6
lw.tn,2017/3/6
nf.tn,2017/3/6
nk.tn,2017/3/6
nq.tn,2017/3/6
pf.tn,2017/3/6
qj.tn,2017/3/6
qk.tn,2017/3/6
ql.tn,2017/3/6
qm.tn,2017/3/6
qx.tn,2017/3/6
rb.tn,2017/3/6
rf.tn,2017/3/6
rg.tn,2017/3/6
rq.tn,2017/3/6
ry.tn,2017/3/6
vf.tn,2017/3/6
wq.tn,2017/3/6
xk.tn,2017/3/6
yc.tn,2017/3/6
ye.tn,2017/3/6
yl.tn,2017/3/6
yq.tn,2017/3/6
yv.tn,2017/3/6
yw.tn,2017/3/6
af.tn,2017/3/5
ah.tn,2017/3/5
al.tn,2017/3/5
aq.tn,2017/3/5
aw.tn,2017/3/5
ax.tn,2017/3/5
bk.tn,2017/3/5
bl.tn,2017/3/5
bx.tn,2017/3/5
cb.tn,2017/3/5
ce.tn,2017/3/5
cj.tn,2017/3/5
ck.tn,2017/3/5
cq.tn,2017/3/5
cw.tn,2017/3/5
cx.tn,2017/3/5
cy.tn,2017/3/5
cz.tn,2017/3/5
df.tn,2017/3/5
dg.tn,2017/3/5
dk.tn,2017/3/5
dm.tn,2017/3/5
dn.tn,2017/3/5
dq.tn,2017/3/5
du.tn,2017/3/5
dx.tn,2017/3/5
dy.tn,2017/3/5
dz.tn,2017/3/5
eh.tn,2017/3/5
ei.tn,2017/3/5
er.tn,2017/3/5
ew.tn,2017/3/5
fi.tn,2017/3/5
fj.tn,2017/3/5
fk.tn,2017/3/5
fl.tn,2017/3/5
fn.tn,2017/3/5
fo.tn,2017/3/5
fq.tn,2017/3/5
fs.tn,2017/3/5
ft.tn,2017/3/5
fu.tn,2017/3/5
fw.tn,2017/3/5
fy.tn,2017/3/5
fz.tn,2017/3/5
gb.tn,2017/3/5
ge.tn,2017/3/5
gf.tn,2017/3/5
gi.tn,2017/3/5
gu.tn,2017/3/5
hc.tn,2017/3/5
hf.tn,2017/3/5
hn.tn,2017/3/5
ho.tn,2017/3/5
hq.tn,2017/3/5
hr.tn,2017/3/5
hu.tn,2017/3/5
hw.tn,2017/3/5
hx.tn,2017/3/5
hy.tn,2017/3/5
hz.tn,2017/3/5
ie.tn,2017/3/5
iq.tn,2017/3/5
iw.tn,2017/3/5
jb.tn,2017/3/5
jf.tn,2017/3/5
jh.tn,2017/3/5
ji.tn,2017/3/5
jk.tn,2017/3/5
jn.tn,2017/3/5
jq.tn,2017/3/5
jr.tn,2017/3/5
ju.tn,2017/3/5
jw.tn,2017/3/5
jx.tn,2017/3/5
jz.tn,2017/3/5
kb.tn,2017/3/5
kc.tn,2017/3/5
kd.tn,2017/3/5
kf.tn,2017/3/5
kg.tn,2017/3/5
kj.tn,2017/3/5
kl.tn,2017/3/5
kn.tn,2017/3/5
ks.tn,2017/3/5
kt.tn,2017/3/5
ku.tn,2017/3/5
kx.tn,2017/3/5
ky.tn,2017/3/5
lb.tn,2017/3/5
ld.tn,2017/3/5
le.tn,2017/3/5
lf.tn,2017/3/5
li.tn,2017/3/5
lj.tn,2017/3/5
lm.tn,2017/3/5
ln.tn,2017/3/5
lt.tn,2017/3/5
lu.tn,2017/3/5
lv.tn,2017/3/5
lx.tn,2017/3/5
lz.tn,2017/3/5
md.tn,2017/3/5
ml.tn,2017/3/5
mo.tn,2017/3/5
mp.tn,2017/3/5
mq.tn,2017/3/5
mr.tn,2017/3/5
ms.tn,2017/3/5
mt.tn,2017/3/5
mu.tn,2017/3/5
mv.tn,2017/3/5
mw.tn,2017/3/5
nc.tn,2017/3/5
nd.tn,2017/3/5
ne.tn,2017/3/5
nh.tn,2017/3/5
ni.tn,2017/3/5
nm.tn,2017/3/5
np.tn,2017/3/5
nu.tn,2017/3/5
nv.tn,2017/3/5
nw.tn,2017/3/5
nx.tn,2017/3/5
ny.tn,2017/3/5
nz.tn,2017/3/5
oa.tn,2017/3/5
oh.tn,2017/3/5
ol.tn,2017/3/5
ow.tn,2017/3/5
pa.tn,2017/3/5
pb.tn,2017/3/5
pd.tn,2017/3/5
pe.tn,2017/3/5
pg.tn,2017/3/5
pm.tn,2017/3/5
pn.tn,2017/3/5
po.tn,2017/3/5
pq.tn,2017/3/5
pu.tn,2017/3/5
pw.tn,2017/3/5
px.tn,2017/3/5
qb.tn,2017/3/5
qc.tn,2017/3/5
qd.tn,2017/3/5
qf.tn,2017/3/5
qg.tn,2017/3/5
qh.tn,2017/3/5
qi.tn,2017/3/5
qp.tn,2017/3/5
qt.tn,2017/3/5
qu.tn,2017/3/5
qy.tn,2017/3/5
qz.tn,2017/3/5
rd.tn,2017/3/5
ri.tn,2017/3/5
rm.tn,2017/3/5
rp.tn,2017/3/5
ru.tn,2017/3/5
rw.tn,2017/3/5
rx.tn,2017/3/5
rz.tn,2017/3/5
sj.tn,2017/3/5
sq.tn,2017/3/5
st.tn,2017/3/5
su.tn,2017/3/5
sx.tn,2017/3/5
sz.tn,2017/3/5
tf.tn,2017/3/5
tg.tn,2017/3/5
ti.tn,2017/3/5
tj.tn,2017/3/5
tq.tn,2017/3/5
ty.tn,2017/3/5
tz.tn,2017/3/5
vi.tn,2017/3/5
vk.tn,2017/3/5
wa.tn,2017/3/5
we.tn,2017/3/5
wr.tn,2017/3/5
wu.tn,2017/3/5
wv.tn,2017/3/5
xa.tn,2017/3/5
xb.tn,2017/3/5
xc.tn,2017/3/5
xf.tn,2017/3/5
xg.tn,2017/3/5
xh.tn,2017/3/5
xi.tn,2017/3/5
xj.tn,2017/3/5
xl.tn,2017/3/5
xm.tn,2017/3/5
xn.tn,2017/3/5
xo.tn,2017/3/5
xq.tn,2017/3/5
xr.tn,2017/3/5
xs.tn,2017/3/5
xw.tn,2017/3/5
xz.tn,2017/3/5
ya.tn,2017/3/5
yf.tn,2017/3/5
yh.tn,2017/3/5
yi.tn,2017/3/5
yj.tn,2017/3/5
yk.tn,2017/3/5
yn.tn,2017/3/5
yo.tn,2017/3/5
yp.tn,2017/3/5
ys.tn,2017/3/5
yu.tn,2017/3/5
yx.tn,2017/3/5
zb.tn,2017/3/5
zc.tn,2017/3/5
zd.tn,2017/3/5
ze.tn,2017/3/5
zf.tn,2017/3/5
zj.tn,2017/3/5
zk.tn,2017/3/5
zm.tn,2017/3/5
zn.tn,2017/3/5
zp.tn,2017/3/5
zq.tn,2017/3/5
zr.tn,2017/3/5
zs.tn,2017/3/5
zt.tn,2017/3/5
zu.tn,2017/3/5
zw.tn,2017/3/5
zx.tn,2017/3/5
zy.tn,2017/3/5
02.tn,2017/3/5
03.tn,2017/3/5
04.tn,2017/3/5
05.tn,2017/3/5
06.tn,2017/3/5
07.tn,2017/3/5
08.tn,2017/3/5
40.tn,2017/3/5
41.tn,2017/3/5
43.tn,2017/3/5
46.tn,2017/3/5
47.tn,2017/3/5
48.tn,2017/3/5
49.tn,2017/3/5
94.tn,2017/3/4
pz.tn,2017/3/3
sy.tn,2017/3/3
ii.tn,2017/3/1
uu.tn,2017/3/1
vv.tn,2017/3/1
cg.tn,2017/2/28
cu.tn,2017/2/28
qr.tn,2017/2/28
rr.tn,2017/2/28
ll.tn,2017/2/27
nt.tn,2017/2/27
09.tn,2017/2/26
or.tn,2017/2/20
ur.tn,2017/2/20
td.tn,2017/1/7
ch.tn,2016/12/4
xd.tn,2016/11/24
yd.tn,2016/11/24
bu.tn,2016/11/8
fe.tn,2016/11/5
72.tn,2016/10/29
gd.tn,2016/10/28
ef.tn,2016/10/21
nj.tn,2016/10/20
sc.tn,2016/10/20
ki.tn,2016/10/11
ly.tn,2016/10/11
dl.tn,2016/10/10
py.tn,2016/9/10
qn.tn,2016/9/5
cr.tn,2016/8/31
sr.tn,2016/8/31
am.tn,2016/8/18
hl.tn,2016/8/17
js.tn,2016/8/17
ko.tn,2016/8/17
no.tn,2016/8/17
bi.tn,2016/7/13
bj.tn,2016/7/13
hd.tn,2016/7/13
my.tn,2016/7/13
qa.tn,2016/7/13
so.tn,2016/7/13
tm.tn,2016/7/13
dw.tn,2016/6/15
bf.tn,2016/4/11
ek.tn,2016/4/11
eq.tn,2016/4/11
ev.tn,2016/4/11
gv.tn,2016/4/11
hv.tn,2016/4/11
ik.tn,2016/4/11
iv.tn,2016/4/11
ix.tn,2016/4/11
je.tn,2016/4/11
jv.tn,2016/4/11
kv.tn,2016/4/11
lo.tn,2016/4/11
ob.tn,2016/4/11
oc.tn,2016/4/11
oe.tn,2016/4/11
oi.tn,2016/4/11
oj.tn,2016/4/11
oq.tn,2016/4/11
oy.tn,2016/4/11
qe.tn,2016/4/11
qo.tn,2016/4/11
qv.tn,2016/4/11
qw.tn,2016/4/11
rv.tn,2016/4/11
uf.tn,2016/4/11
ug.tn,2016/4/11
uj.tn,2016/4/11
ul.tn,2016/4/11
um.tn,2016/4/11
uo.tn,2016/4/11
uq.tn,2016/4/11
uv.tn,2016/4/11
uw.tn,2016/4/11
uy.tn,2016/4/11
uz.tn,2016/4/11
va.tn,2016/4/11
ve.tn,2016/4/11
vh.tn,2016/4/11
vj.tn,2016/4/11
vq.tn,2016/4/11
vt.tn,2016/4/11
vu.tn,2016/4/11
vw.tn,2016/4/11
vx.tn,2016/4/11
vy.tn,2016/4/11
vz.tn,2016/4/11
wm.tn,2016/4/11
zo.tn,2016/4/11
zv.tn,2016/4/11
11.tn,2016/4/3
18.tn,2016/4/3
20.tn,2016/4/3
22.tn,2016/4/3
28.tn,2016/4/3
33.tn,2016/4/3
38.tn,2016/4/3
58.tn,2016/4/3
60.tn,2016/4/3
63.tn,2016/4/3
66.tn,2016/4/3
67.tn,2016/4/3
68.tn,2016/4/3
70.tn,2016/4/3
71.tn,2016/4/3
73.tn,2016/4/3
76.tn,2016/4/3
77.tn,2016/4/3
78.tn,2016/4/3
79.tn,2016/4/3
88.tn,2016/4/3
90.tn,2016/4/3
98.tn,2016/4/3
og.tn,2016/3/20
ac.tn,2016/3/13
ja.tn,2016/3/9
ex.tn,2016/3/8
eg.tn,2016/3/6
vg.tn,2016/3/1
aj.tn,2016/2/29
ox.tn,2016/2/21
ut.tn,2016/2/21
bv.tn,2016/2/18
iu.tn,2016/2/18
uh.tn,2016/2/18
ui.tn,2016/2/17
xe.tn,2016/2/12
xu.tn,2016/2/12
xv.tn,2016/2/12
bs.tn,2016/2/5
cl.tn,2016/2/3
ct.tn,2016/2/3
fc.tn,2016/2/3
lc.tn,2016/2/3
pr.tn,2016/2/3
pt.tn,2016/2/3
qs.tn,2016/2/3
rl.tn,2016/2/3
sl.tn,2016/2/3
vc.tn,2016/2/3
vl.tn,2016/2/3
vr.tn,2016/2/3
xt.tn,2016/2/3
14.tn,2016/2/3
34.tn,2016/2/3
54.tn,2016/2/3
64.tn,2016/2/3
74.tn,2016/2/3
84.tn,2016/2/3
rt.tn,2016/2/1
xy.tn,2016/2/1
dd.tn,2016/1/28
jj.tn,2016/1/28
yy.tn,2016/1/28
zz.tn,2016/1/28
15.tn,2016/1/28
25.tn,2016/1/28
27.tn,2016/1/28
35.tn,2016/1/28
52.tn,2016/1/28
56.tn,2016/1/28
59.tn,2016/1/28
62.tn,2016/1/28
65.tn,2016/1/28
75.tn,2016/1/28
85.tn,2016/1/28
95.tn,2016/1/28
cc.tn,2016/1/27
ta.tn,2016/1/26
bn.tn,2016/1/25
is.tn,2016/1/25
na.tn,2016/1/25
sn.tn,2016/1/25
wn.tn,2016/1/25
ww.tn,2016/1/25
zh.tn,2016/1/25
16.tn,2016/1/25
19.tn,2016/1/25
23.tn,2016/1/25
26.tn,2016/1/25
29.tn,2016/1/25
32.tn,2016/1/25
36.tn,2016/1/25
37.tn,2016/1/25
42.tn,2016/1/25
50.tn,2016/1/25
61.tn,2016/1/25
69.tn,2016/1/25
80.tn,2016/1/25
81.tn,2016/1/25
82.tn,2016/1/25
83.tn,2016/1/25
86.tn,2016/1/25
87.tn,2016/1/25
89.tn,2016/1/25
91.tn,2016/1/25
96.tn,2016/1/25
97.tn,2016/1/25
ao.tn,2016/1/20
la.tn,2016/1/18
tx.tn,2016/1/17
te.tn,2016/1/11
ak.tn,2016/1/9
ka.tn,2016/1/9
nb.tn,2016/1/9
od.tn,2016/1/9
sb.tn,2016/1/5
zi.tn,2015/12/30
99.tn,2015/12/26
ub.tn,2015/12/19
wi.tn,2015/12/14
un.tn,2015/12/11
id.tn,2015/12/9
pc.tn,2015/12/9
00.tn,2015/10/30
30.tn,2015/10/30
55.tn,2015/10/30
21.tn,2015/10/22
45.tn,2015/10/22
wo.tn,2015/10/16
ai.tn,2015/10/12
ov.tn,2015/10/7
gh.tn,2015/9/22
mb.tn,2015/9/14
mj.tn,2015/9/9
om.tn,2015/9/9
vs.tn,2015/9/9
sf.tn,2015/9/7
sp.tn,2015/9/7
ud.tn,2015/9/4
gw.tn,2015/8/12
cm.tn,2015/7/31
si.tn,2015/7/30
ds.tn,2015/7/10
yr.tn,2015/7/9
44.tn,2015/7/6
im.tn,2015/7/1
av.tn,2015/6/13
ab.tn,2015/6/11
cs.tn,2015/6/10
re.tn,2015/6/10
rn.tn,2015/5/30
jo.tn,2015/5/22
ar.tn,2015/5/20
kk.tn,2015/5/19
sw.tn,2015/5/18
vm.tn,2015/5/16
aa.tn,2015/4/15
pj.tn,2015/4/7
wk.tn,2015/4/2
mh.tn,2015/3/17
us.tn,2015/2/23
qq.tn,2015/2/22
ss.tn,2015/2/22
ws.tn,2015/2/22
jc.tn,2015/2/16
on.tn,2015/2/4
tc.tn,2015/1/15
bp.tn,2015/1/14
cd.tn,2015/1/7
xp.tn,2015/1/7
yt.tn,2014/12/19
sk.tn,2014/12/9
oo.tn,2014/11/24
ot.tn,2014/11/24
tb.tn,2014/11/11
ci.tn,2014/11/1
lg.tn,2014/10/18
mf.tn,2014/10/17
rc.tn,2014/10/17
ig.tn,2014/10/16
rs.tn,2014/10/5
mz.tn,2014/9/22
bg.tn,2014/9/11
ue.tn,2014/8/28
em.tn,2014/8/23
an.tn,2014/8/22
zg.tn,2014/8/16
cf.tn,2014/8/12
bh.tn,2014/7/30
di.tn,2014/7/15
do.tn,2014/7/7
rk.tn,2014/7/7
ae.tn,2014/7/1
bd.tn,2014/7/1
ee.tn,2014/7/1
gr.tn,2014/7/1
hk.tn,2014/7/1
ir.tn,2014/7/1
jp.tn,2014/7/1
kr.tn,2014/7/1
ma.tn,2014/7/1
ng.tn,2014/7/1
nl.tn,2014/7/1
ph.tn,2014/7/1
pk.tn,2014/7/1
pl.tn,2014/7/1
ro.tn,2014/7/1
sa.tn,2014/7/1
sg.tn,2014/7/1
th.tn,2014/7/1
uk.tn,2014/7/1
vn.tn,2014/7/1
xx.tn,2014/7/1
za.tn,2014/7/1
tr.tn,2014/6/30
bo.tn,2014/6/18
gc.tn,2014/6/11
ic.tn,2014/6/9
eo.tn,2014/5/23
at.tn,2014/5/16
lp.tn,2014/5/13
fh.tn,2014/5/12
gg.tn,2014/5/12
vo.tn,2014/5/2
bt.tn,2014/4/24
co.tn,2014/4/23
go.tn,2014/4/23
me.tn,2014/4/23
to.tn,2014/4/23
wd.tn,2014/4/23
ls.tn,2014/4/10
ec.tn,2014/3/27
ed.tn,2014/3/27
tu.tn,2014/3/21
en.tn,2014/3/13
he.tn,2014/3/10
km.tn,2014/2/20
mn.tn,2014/2/18
01.tn,2014/2/13
mi.tn,2014/2/10
br.tn,2014/2/7
nr.tn,2014/1/30
ep.tn,2014/1/22
yb.tn,2014/1/22
se.tn,2014/1/21
ua.tn,2014/1/21
ts.tn,2014/1/20
as.tn,2014/1/17
dv.tn,2014/1/17
ha.tn,2014/1/17
jm.tn,2014/1/17
rh.tn,2014/1/17
vp.tn,2014/1/17
bb.tn,2014/1/14
cp.tn,2014/1/13
mc.tn,2014/1/8
hb.tn,2014/1/7
pi.tn,2014/1/6
bz.tn,2014/1/3
dc.tn,2014/1/3
dr.tn,2014/1/3
il.tn,2014/1/3
lh.tn,2014/1/3
12.tn,2014/1/3
wh.tn,2013/12/24
ht.tn,2013/12/14
ym.tn,2013/12/14
az.tn,2013/12/13
24.tn,2013/12/13
be.tn,2013/12/11
de.tn,2013/12/9
ou.tn,2013/12/9
bc.tn,2013/12/3
ea.tn,2013/12/3
es.tn,2013/12/3
if.tn,2013/12/3
mx.tn,2013/12/2
mm.tn,2013/11/28
tp.tn,2013/11/26
uc.tn,2013/11/26
io.tn,2013/11/20
ad.tn,2013/11/19
dj.tn,2013/11/16
sm.tn,2013/11/13
vb.tn,2013/11/12
ca.tn,2013/11/11
hp.tn,2013/11/8
dp.tn,2013/11/7
dt.tn,2013/11/7
fr.tn,2013/11/7
os.tn,2013/11/7
tt.tn,2013/11/7
wp.tn,2013/11/7
sd.tn,2013/11/6
fx.tn,2013/10/28
ok.tn,2013/10/25
fb.tn,2013/10/23
tn.tn,2013/10/23
pv.tn,2013/10/17
au.tn,2013/10/9
ey.tn,2013/10/9
hs.tn,2013/10/9
op.tn,2013/10/9
sh.tn,2013/10/9
db.tn,2013/10/8
et.tn,2013/10/8
in.tn,2013/10/8
ip.tn,2013/10/8
pp.tn,2013/10/8
mg.tn,2013/9/27
ns.tn,2013/9/27
tk.tn,2013/9/24
ap.tn,2013/9/13
fa.tn,2013/8/26
fm.tn,2013/8/26
hm.tn,2013/8/26
it.tn,2013/8/26
tv.tn,2013/8/26
tw.tn,2013/8/21
cv.tn,2013/8/20
up.tn,2013/8/20
10.tn,2013/1/22
